{
    "SHA": {
        "SHA-2 256": {
            "time": 0.847150,
            "power": 0.000000002824,
            "footprint": 0.000000000090
        },
        "SHA-2 384": {
            "time": 1.131530,
            "power": 0.000000003772,
            "footprint": 0.000000000121
        },
        "SHA-2 512": {
            "time": 1.159395,
            "power": 0.000000003865,
            "footprint": 0.000000000124
        },
        "SHA-3256": {
            "time": 1.319258,
            "power": 0.000000004398,
            "footprint": 0.000000000141
        },
        "SHA-3 384": {
            "time": 1.306488,
            "power": 0.000000004355,
            "footprint": 0.000000000139
        },
        "SHA-3 512": {
            "time": 1.306058,
            "power": 0.000000004354,
            "footprint": 0.000000000139
        }
    },
    "AES": {
        "128 bits": {
            "keygen": {
                "time": 0.8859569871192435,
                "power": 0.000000002953,
                "footprint": 0.000000000095
            },
            "encrypt": {
                "time": 5.16906810479486,
                "power": 0.000000017230,
                "footprint": 0.000000000551
            },
            "decrypt": {
                "time": 5.057814237035018,
                "power": 0.000000016859,
                "footprint": 0.000000000540
            }
        },
        "192 bits": {
            "keygen": {
                "time": 0.8979372610715473,
                "power": 0.000000002993,
                "footprint": 0.000000000096
            },
            "encrypt": {
                "time": 5.178966939367456,
                "power": 0.000000017263,
                "footprint": 0.000000000552
            },
            "decrypt": {
                "time": 5.06294023830651,
                "power": 0.000000016876,
                "footprint": 0.000000000540
            }
        },
        "256 bits": {
            "keygen": {
                "time": 0.8843632739922214,
                "power": 0.000000002948,
                "footprint": 0.000000000094
            },
            "encrypt": {
                "time": 5.1820984312012115,
                "power": 0.000000017274,
                "footprint": 0.000000000553
            },
            "decrypt": {
                "time": 5.141738682021696,
                "power": 0.000000017139,
                "footprint": 0.000000000548
            }
        }
    },
    "ChaCha20":{
        "256 bits":{
            "keygen": {
                "time": 0.9625972430553702,
                "power": 0.000000003209,
                "footprint": 0.000000000103
            },
            "encrypt": {
                "time": 5.460577338810708,
                "power": 0.000000018202,
                "footprint": 0.000000000582
            },
            "decrypt": {
                "time": 5.447683612979745,
                "power": 0.000000018159,
                "footprint": 0.000000000581
            }
        }
    },
    "RSA": {
        "1024 bits": {
            "keygen": {
                "time": 52636.25339994178,
                "power": 0.000175454178,
                "footprint": 0.000005614534
            },
            "encrypt": {
                "time": 101.90620000685158,
                "power": 0.000000339687,
                "footprint": 0.000000010870
            }
        },
        "2048 bits": {
            "keygen": {
                "time": 527817.6034998979,
                "power": 0.001759392012,
                "footprint": 0.000056300544
            },
            "encrypt": {
                "time": 188.75700006901752,
                "power": 0.000000629190,
                "footprint": 0.000000020134
            }
        },
        "3072 bits": {
            "keygen": {
                "time": 1750425.8084999945,
                "power": 0.005834752695,
                "footprint": 0.000186712086
            },
            "encrypt": {
                "time": 345.40870001364965,
                "power": 0.000001151362,
                "footprint": 0.000000036844
            }
        },
        "7680 bits": {
            "keygen": {
                "time": 64136734.610000074,
                "power": 0.213789115367,
                "footprint": 0.006841251692
            },
            "encrypt": {
                "time": 1565.9069999856001,
                "power": 0.000005219690,
                "footprint": 0.000000167030
            }
        },
        "15360 bits": {
            "keygen": {
                "time": 475171882.0229998,
                "power": 1.583906273410,
                "footprint": 0.050685000749
            },
            "encrypt": {
                "time": 5809.57700003637,
                "power": 0.000019365257,
                "footprint": 0.000000619688
            }
        }
    },
    "Kyber": {
        "ML-KEM-512": {
            "keygen": {
                "time": 429.3667229994753,
                "power": 0.000001431222,
                "footprint": 0.000000045799
            },
            "encrypt": {
                "time": 602.6990270020178,
                "power": 0.000002008997,
                "footprint": 0.000000064288
            }
        },
        "ML-KEM-768": {
            "keygen": {
                "time": 743.4845499997209,
                "power": 0.000002478282,
                "footprint": 0.000000079305
            },
            "encrypt": {
                "time": 957.045346000541,
                "power": 0.000003190151,
                "footprint": 0.000000102085
            }
        },
        "ML-KEM-1024": {
            "keygen": {
                "time": 1143.2929869993131,
                "power": 0.000003810977,
                "footprint": 0.000000121951
            },
            "encrypt": {
                "time": 1392.9640720016323,
                "power": 0.000004643214,
                "footprint": 0.000000148583
            }
        }
    },
    "ECC": {
        "SECP 256 R1": {
            "keygen": {
                "time": 55.15591999483149,
                "power": 0.000000183853,
                "footprint": 0.000000005883
            },
            "encrypt": {
                "time": 23.078260032889375,
                "power": 0.000000076928,
                "footprint": 0.000000002462
            }
        },
        "SECP 384 R1": {
            "keygen": {
                "time": 2247.50885998219,
                "power": 0.000007491696,
                "footprint": 0.000000239734
            },
            "encrypt": {
                "time": 23.080550004124234,
                "power": 0.000000076935,
                "footprint": 0.000000002462
            }
        },
        "SECP 512 R1": {
            "keygen": {
                "time": 6058.572220003953,
                "power": 0.000020195241,
                "footprint": 0.000000646248
            },
            "encrypt": {
                "time": 24.492819984516245,
                "power": 0.000000081643,
                "footprint": 0.000000002613
            }
        }
    }
}